--------------------------------------------------------------------------------
----------------------------MODELO ENTIDAD-RELACION-----------------------------
--------------------------------------------------------------------------------

----------------------------TIPO DE CUENTAS-------------------------------------
INSERT INTO TIPO_CUENTA (TCT_ID, TCT_DESCRIPCION) VALUES (1, 'Cuenta Corriente');
INSERT INTO TIPO_CUENTA (TCT_ID, TCT_DESCRIPCION) VALUES (2, 'Cuenta Ahorros');
INSERT INTO TIPO_CUENTA (TCT_ID, TCT_DESCRIPCION) VALUES (3, 'Cuenta Nómina');
INSERT INTO TIPO_CUENTA (TCT_ID, TCT_DESCRIPCION) VALUES (4, 'Cuenta de Inversión');
INSERT INTO TIPO_CUENTA (TCT_ID, TCT_DESCRIPCION) VALUES (5, 'Cuenta en Dólares');
INSERT INTO TIPO_CUENTA (TCT_ID, TCT_DESCRIPCION) VALUES (6, 'Cuenta Juvenil');
INSERT INTO TIPO_CUENTA (TCT_ID, TCT_DESCRIPCION) VALUES (7, 'Cuenta Empresarial');
INSERT INTO TIPO_CUENTA (TCT_ID, TCT_DESCRIPCION) VALUES (8, 'Cuenta Ahorro Programado');
INSERT INTO TIPO_CUENTA (TCT_ID, TCT_DESCRIPCION) VALUES (9, 'Cuenta Pensión');
INSERT INTO TIPO_CUENTA (TCT_ID, TCT_DESCRIPCION) VALUES (10, 'Cuenta Digital');


---------------------------TIPO DE CLIENTE--------------------------------------
INSERT INTO TIPO_CLIENTE (TCL_ID, TCL_DESCRIPCION) VALUES (1, 'Persona Física');
INSERT INTO TIPO_CLIENTE (TCL_ID, TCL_DESCRIPCION) VALUES (2, 'Persona Jurídica');
INSERT INTO TIPO_CLIENTE (TCL_ID, TCL_DESCRIPCION) VALUES (3, 'Estudiante');
INSERT INTO TIPO_CLIENTE (TCL_ID, TCL_DESCRIPCION) VALUES (4, 'Pensionado');


---------------------------ESTADO CLEINTE---------------------------------------
INSERT INTO ESTADO_CLIENTE (ECT_ID, ECT_DESCRIPCION) VALUES (1, 'Activo');
INSERT INTO ESTADO_CLIENTE (ECT_ID, ECT_DESCRIPCION) VALUES (2, 'Inactivo');


---------------------------CLIENTES---------------------------------------------
INSERT INTO CLIENTE (CTE_ID, CTE_TCL_ID, CTE_ECT_ID) VALUES (1, 1, 1);
INSERT INTO CLIENTE (CTE_ID, CTE_TCL_ID, CTE_ECT_ID) VALUES (2, 2, 1);
INSERT INTO CLIENTE (CTE_ID, CTE_TCL_ID, CTE_ECT_ID) VALUES (3, 1, 2);
INSERT INTO CLIENTE (CTE_ID, CTE_TCL_ID, CTE_ECT_ID) VALUES (4, 3, 1);
INSERT INTO CLIENTE (CTE_ID, CTE_TCL_ID, CTE_ECT_ID) VALUES (5, 4, 1);
INSERT INTO CLIENTE (CTE_ID, CTE_TCL_ID, CTE_ECT_ID) VALUES (6, 1, 1);
INSERT INTO CLIENTE (CTE_ID, CTE_TCL_ID, CTE_ECT_ID) VALUES (7, 2, 2);
INSERT INTO CLIENTE (CTE_ID, CTE_TCL_ID, CTE_ECT_ID) VALUES (8, 3, 1);
INSERT INTO CLIENTE (CTE_ID, CTE_TCL_ID, CTE_ECT_ID) VALUES (9, 4, 2);
INSERT INTO CLIENTE (CTE_ID, CTE_TCL_ID, CTE_ECT_ID) VALUES (10, 1, 1);


----------------------------CUENTA----------------------------------------------
INSERT INTO CUENTA (CTA_ID, CTA_CTE_ID, CTA_TCT_ID, CTA_NUMERO_CUENTA) VALUES (1, 1, 1, 'CC00123456789');
INSERT INTO CUENTA (CTA_ID, CTA_CTE_ID, CTA_TCT_ID, CTA_NUMERO_CUENTA) VALUES (2, 2, 2, 'CA00987654321');
INSERT INTO CUENTA (CTA_ID, CTA_CTE_ID, CTA_TCT_ID, CTA_NUMERO_CUENTA) VALUES (3, 3, 3, 'CN00111222333');
INSERT INTO CUENTA (CTA_ID, CTA_CTE_ID, CTA_TCT_ID, CTA_NUMERO_CUENTA) VALUES (4, 4, 4, 'INV0011223344');
INSERT INTO CUENTA (CTA_ID, CTA_CTE_ID, CTA_TCT_ID, CTA_NUMERO_CUENTA) VALUES (5, 5, 5, 'USD0044556677');
INSERT INTO CUENTA (CTA_ID, CTA_CTE_ID, CTA_TCT_ID, CTA_NUMERO_CUENTA) VALUES (6, 6, 6, 'JUVE0055667788');
INSERT INTO CUENTA (CTA_ID, CTA_CTE_ID, CTA_TCT_ID, CTA_NUMERO_CUENTA) VALUES (7, 7, 7, 'EMP0066778899');
INSERT INTO CUENTA (CTA_ID, CTA_CTE_ID, CTA_TCT_ID, CTA_NUMERO_CUENTA) VALUES (8, 8, 8, 'PRG0077889900');
INSERT INTO CUENTA (CTA_ID, CTA_CTE_ID, CTA_TCT_ID, CTA_NUMERO_CUENTA) VALUES (9, 9, 9, 'PEN0088990011');
INSERT INTO CUENTA (CTA_ID, CTA_CTE_ID, CTA_TCT_ID, CTA_NUMERO_CUENTA) VALUES (10, 10, 10, 'DIG0099001122');


------------------------------MOVIMIENTO----------------------------------------
INSERT INTO MOVIMIENTO (MVM_ID, MVM_CTA_ID, MVM_FECHA, MVM_MONTO) VALUES (1, 1, TO_DATE('2025-07-01', 'YYYY-MM-DD'), 1000.00);
INSERT INTO MOVIMIENTO (MVM_ID, MVM_CTA_ID, MVM_FECHA, MVM_MONTO) VALUES (2, 2, TO_DATE('2025-07-02', 'YYYY-MM-DD'), 250.50);
INSERT INTO MOVIMIENTO (MVM_ID, MVM_CTA_ID, MVM_FECHA, MVM_MONTO) VALUES (3, 3, TO_DATE('2025-07-03', 'YYYY-MM-DD'), -300.00);
INSERT INTO MOVIMIENTO (MVM_ID, MVM_CTA_ID, MVM_FECHA, MVM_MONTO) VALUES (4, 4, TO_DATE('2025-07-04', 'YYYY-MM-DD'), 1200.75);
INSERT INTO MOVIMIENTO (MVM_ID, MVM_CTA_ID, MVM_FECHA, MVM_MONTO) VALUES (5, 5, TO_DATE('2025-07-05', 'YYYY-MM-DD'), 780.00);
INSERT INTO MOVIMIENTO (MVM_ID, MVM_CTA_ID, MVM_FECHA, MVM_MONTO) VALUES (6, 6, TO_DATE('2025-07-06', 'YYYY-MM-DD'), -50.25);
INSERT INTO MOVIMIENTO (MVM_ID, MVM_CTA_ID, MVM_FECHA, MVM_MONTO) VALUES (7, 7, TO_DATE('2025-07-07', 'YYYY-MM-DD'), 5000.00);
INSERT INTO MOVIMIENTO (MVM_ID, MVM_CTA_ID, MVM_FECHA, MVM_MONTO) VALUES (8, 8, TO_DATE('2025-07-08', 'YYYY-MM-DD'), -120.00);
INSERT INTO MOVIMIENTO (MVM_ID, MVM_CTA_ID, MVM_FECHA, MVM_MONTO) VALUES (9, 9, TO_DATE('2025-07-09', 'YYYY-MM-DD'), 300.00);
INSERT INTO MOVIMIENTO (MVM_ID, MVM_CTA_ID, MVM_FECHA, MVM_MONTO) VALUES (10, 10, TO_DATE('2025-07-10', 'YYYY-MM-DD'), 600.00);





