-- Requerimiento:
-- Insersión de datos en el modelo relacional (al menos 5 filas en las tablas de tipos y 20 filas en las tablas de producto, cliente y orden) 

-- El usuario que debe estar conectado es: SISECOMMERCE_ER

-- Inserción de datos en TIPO_ENVIO
INSERT INTO TIPO_ENVIO (TPE_ID, TPE_DESCRIPCION, TPE_ESTADO, TPE_REQUIERE_CONFIRMACION) VALUES (1, 'Entrega San José', 1, 1);
INSERT INTO TIPO_ENVIO (TPE_ID, TPE_DESCRIPCION, TPE_ESTADO, TPE_REQUIERE_CONFIRMACION) VALUES (2, 'Entrega Cartago', 1, 1);
INSERT INTO TIPO_ENVIO (TPE_ID, TPE_DESCRIPCION, TPE_ESTADO, TPE_REQUIERE_CONFIRMACION) VALUES (3, 'Entrega Alajuela', 1, 1);
INSERT INTO TIPO_ENVIO (TPE_ID, TPE_DESCRIPCION, TPE_ESTADO, TPE_REQUIERE_CONFIRMACION) VALUES (4, 'Recoleccion en bodega', 1, 1);
INSERT INTO TIPO_ENVIO (TPE_ID, TPE_DESCRIPCION, TPE_ESTADO, TPE_REQUIERE_CONFIRMACION) VALUES (5, 'Entrega Express GAM', 1, 1);
INSERT INTO TIPO_ENVIO (TPE_ID, TPE_DESCRIPCION, TPE_ESTADO, TPE_REQUIERE_CONFIRMACION) VALUES (6, 'Entrega Puntarenas', 1, 1);
INSERT INTO TIPO_ENVIO (TPE_ID, TPE_DESCRIPCION, TPE_ESTADO, TPE_REQUIERE_CONFIRMACION) VALUES (7, 'Entrega Guanacaste', 1, 1);

-- Inserción de datos en TIPO_PRODUCTO
INSERT INTO TIPO_PRODUCTO (TPD_ID, TPD_DESCRIPCION) VALUES (1, 'Cafe y granos');
INSERT INTO TIPO_PRODUCTO (TPD_ID, TPD_DESCRIPCION) VALUES (2, 'Frutas tropicales');
INSERT INTO TIPO_PRODUCTO (TPD_ID, TPD_DESCRIPCION) VALUES (3, 'Productos lacteos');
INSERT INTO TIPO_PRODUCTO (TPD_ID, TPD_DESCRIPCION) VALUES (4, 'Verduras y hortalizas');
INSERT INTO TIPO_PRODUCTO (TPD_ID, TPD_DESCRIPCION) VALUES (5, 'Productos procesados');
INSERT INTO TIPO_PRODUCTO (TPD_ID, TPD_DESCRIPCION) VALUES (6, 'Condimentos y especias');
INSERT INTO TIPO_PRODUCTO (TPD_ID, TPD_DESCRIPCION) VALUES (7, 'Bebidas');

-- Inserción de datos en CLIENTE 
INSERT INTO CLIENTE (CTE_ID, CTE_NOMBRE) VALUES (1, 'Maria Jose Vargas');
INSERT INTO CLIENTE (CTE_ID, CTE_NOMBRE) VALUES (2, 'Carlos Eduardo Jimenez');
INSERT INTO CLIENTE (CTE_ID, CTE_NOMBRE) VALUES (3, 'Ana Lucia Rodriguez');
INSERT INTO CLIENTE (CTE_ID, CTE_NOMBRE) VALUES (4, 'Jose Miguel Hernandez');
INSERT INTO CLIENTE (CTE_ID, CTE_NOMBRE) VALUES (5, 'Sofia Alejandra Murillo');
INSERT INTO CLIENTE (CTE_ID, CTE_NOMBRE) VALUES (6, 'Diego Andres Calderon');
INSERT INTO CLIENTE (CTE_ID, CTE_NOMBRE) VALUES (7, 'Gabriela Beatriz Montoya');
INSERT INTO CLIENTE (CTE_ID, CTE_NOMBRE) VALUES (8, 'Luis Fernando Chacon');
INSERT INTO CLIENTE (CTE_ID, CTE_NOMBRE) VALUES (9, 'Priscilla Nicole Zamora');
INSERT INTO CLIENTE (CTE_ID, CTE_NOMBRE) VALUES (10, 'Esteban Alejandro Mendez');
INSERT INTO CLIENTE (CTE_ID, CTE_NOMBRE) VALUES (11, 'Valeria Stephany Arias');
INSERT INTO CLIENTE (CTE_ID, CTE_NOMBRE) VALUES (12, 'Roberto Carlos Fonseca');
INSERT INTO CLIENTE (CTE_ID, CTE_NOMBRE) VALUES (13, 'Karla Tatiana Espinoza');
INSERT INTO CLIENTE (CTE_ID, CTE_NOMBRE) VALUES (14, 'Adrian Mauricio Cordero');
INSERT INTO CLIENTE (CTE_ID, CTE_NOMBRE) VALUES (15, 'Melissa Andrea Salas');
INSERT INTO CLIENTE (CTE_ID, CTE_NOMBRE) VALUES (16, 'Pablo Enrique Navarro');
INSERT INTO CLIENTE (CTE_ID, CTE_NOMBRE) VALUES (17, 'Natalia Fernanda Carvajal');
INSERT INTO CLIENTE (CTE_ID, CTE_NOMBRE) VALUES (18, 'Mauricio Alonso Trejos');
INSERT INTO CLIENTE (CTE_ID, CTE_NOMBRE) VALUES (19, 'Daniela Carolina Alfaro');
INSERT INTO CLIENTE (CTE_ID, CTE_NOMBRE) VALUES (20, 'Randall Steven Porras');
INSERT INTO CLIENTE (CTE_ID, CTE_NOMBRE) VALUES (21, 'Fabiola Esperanza Quesada');
INSERT INTO CLIENTE (CTE_ID, CTE_NOMBRE) VALUES (22, 'Kenneth Alejandro Delgado');

-- Inserción de datos en PRODUCTO
INSERT INTO PRODUCTO (PRD_ID, PRD_TPD_ID, PRD_NOMBRE, PRD_CANTIDAD, PRD_COSTO_UNITARIO) VALUES (1, 1, 'Cafe Tarrazu grano oro', 50.05, 2500.05);
INSERT INTO PRODUCTO (PRD_ID, PRD_TPD_ID, PRD_NOMBRE, PRD_CANTIDAD, PRD_COSTO_UNITARIO) VALUES (2, 1, 'Cafe Molido Tres Volcanes', 75.05, 1800.05);
INSERT INTO PRODUCTO (PRD_ID, PRD_TPD_ID, PRD_NOMBRE, PRD_CANTIDAD, PRD_COSTO_UNITARIO) VALUES (3, 2, 'Pina Premium', 120.05, 650.05);
INSERT INTO PRODUCTO (PRD_ID, PRD_TPD_ID, PRD_NOMBRE, PRD_CANTIDAD, PRD_COSTO_UNITARIO) VALUES (4, 2, 'Banano', 200.05, 450.05);
INSERT INTO PRODUCTO (PRD_ID, PRD_TPD_ID, PRD_NOMBRE, PRD_CANTIDAD, PRD_COSTO_UNITARIO) VALUES (5, 2, 'Mango', 80.05, 550.05);
INSERT INTO PRODUCTO (PRD_ID, PRD_TPD_ID, PRD_NOMBRE, PRD_CANTIDAD, PRD_COSTO_UNITARIO) VALUES (6, 3, 'Queso fresco Turrialba', 30.05, 3200.05);
INSERT INTO PRODUCTO (PRD_ID, PRD_TPD_ID, PRD_NOMBRE, PRD_CANTIDAD, PRD_COSTO_UNITARIO) VALUES (7, 3, 'Natilla Dos Pinos 500ml', 100.05, 850.05);
INSERT INTO PRODUCTO (PRD_ID, PRD_TPD_ID, PRD_NOMBRE, PRD_CANTIDAD, PRD_COSTO_UNITARIO) VALUES (8, 4, 'Chayote nacional', 150.05, 320.05);
INSERT INTO PRODUCTO (PRD_ID, PRD_TPD_ID, PRD_NOMBRE, PRD_CANTIDAD, PRD_COSTO_UNITARIO) VALUES (9, 4, 'Yuca fresca', 90.05, 450.05);
INSERT INTO PRODUCTO (PRD_ID, PRD_TPD_ID, PRD_NOMBRE, PRD_CANTIDAD, PRD_COSTO_UNITARIO) VALUES (10, 4, 'Chile dulce rojo', 60.05, 680.05);
INSERT INTO PRODUCTO (PRD_ID, PRD_TPD_ID, PRD_NOMBRE, PRD_CANTIDAD, PRD_COSTO_UNITARIO) VALUES (11, 5, 'Gallo pinto instantaneo', 40.05, 1200.05);
INSERT INTO PRODUCTO (PRD_ID, PRD_TPD_ID, PRD_NOMBRE, PRD_CANTIDAD, PRD_COSTO_UNITARIO) VALUES (12, 5, 'Salsa Lizano 700ml', 85.05, 950.05);
INSERT INTO PRODUCTO (PRD_ID, PRD_TPD_ID, PRD_NOMBRE, PRD_CANTIDAD, PRD_COSTO_UNITARIO) VALUES (13, 2, 'Cas maduro', 70.05, 480.05);
INSERT INTO PRODUCTO (PRD_ID, PRD_TPD_ID, PRD_NOMBRE, PRD_CANTIDAD, PRD_COSTO_UNITARIO) VALUES (14, 2, 'Guanabana', 25.05, 850.05);
INSERT INTO PRODUCTO (PRD_ID, PRD_TPD_ID, PRD_NOMBRE, PRD_CANTIDAD, PRD_COSTO_UNITARIO) VALUES (15, 6, 'Achiote en polvo', 20.05, 750.05);
INSERT INTO PRODUCTO (PRD_ID, PRD_TPD_ID, PRD_NOMBRE, PRD_CANTIDAD, PRD_COSTO_UNITARIO) VALUES (16, 6, 'Culantro castilla fresco', 45.05, 250.05);
INSERT INTO PRODUCTO (PRD_ID, PRD_TPD_ID, PRD_NOMBRE, PRD_CANTIDAD, PRD_COSTO_UNITARIO) VALUES (17, 7, 'Agua Cristal 600ml', 200.05, 285.05);
INSERT INTO PRODUCTO (PRD_ID, PRD_TPD_ID, PRD_NOMBRE, PRD_CANTIDAD, PRD_COSTO_UNITARIO) VALUES (18, 7, 'Refresco Tropical 2L', 60.05, 980.05);
INSERT INTO PRODUCTO (PRD_ID, PRD_TPD_ID, PRD_NOMBRE, PRD_CANTIDAD, PRD_COSTO_UNITARIO) VALUES (19, 1, 'Frijoles negros secos', 100.05, 850.05);
INSERT INTO PRODUCTO (PRD_ID, PRD_TPD_ID, PRD_NOMBRE, PRD_CANTIDAD, PRD_COSTO_UNITARIO) VALUES (20, 3, 'Crema dulce Dos Pinos', 80.05, 720.05);
INSERT INTO PRODUCTO (PRD_ID, PRD_TPD_ID, PRD_NOMBRE, PRD_CANTIDAD, PRD_COSTO_UNITARIO) VALUES (21, 4, 'Nampi Morado', 55.05, 420.05);
INSERT INTO PRODUCTO (PRD_ID, PRD_TPD_ID, PRD_NOMBRE, PRD_CANTIDAD, PRD_COSTO_UNITARIO) VALUES (22, 5, 'Chicharron Casero', 15.05, 2800.05);

-- Inserción de datos en ORDEN_COMPRA
INSERT INTO ORDEN_COMPRA (OCP_ID, OCP_PRD_ID, OCP_CTE_ID, OCP_TPE_ID, OCP_FECHA) VALUES (1, 1, 1, 1, TO_DATE('2024-01-15', 'YYYY-MM-DD'));
INSERT INTO ORDEN_COMPRA (OCP_ID, OCP_PRD_ID, OCP_CTE_ID, OCP_TPE_ID, OCP_FECHA) VALUES (2, 5, 3, 2, TO_DATE('2024-01-18', 'YYYY-MM-DD'));
INSERT INTO ORDEN_COMPRA (OCP_ID, OCP_PRD_ID, OCP_CTE_ID, OCP_TPE_ID, OCP_FECHA) VALUES (3, 12, 7, 4, TO_DATE('2024-01-22', 'YYYY-MM-DD'));
INSERT INTO ORDEN_COMPRA (OCP_ID, OCP_PRD_ID, OCP_CTE_ID, OCP_TPE_ID, OCP_FECHA) VALUES (4, 8, 12, 3, TO_DATE('2024-02-01', 'YYYY-MM-DD'));
INSERT INTO ORDEN_COMPRA (OCP_ID, OCP_PRD_ID, OCP_CTE_ID, OCP_TPE_ID, OCP_FECHA) VALUES (5, 15, 5, 5, TO_DATE('2024-02-05', 'YYYY-MM-DD'));
INSERT INTO ORDEN_COMPRA (OCP_ID, OCP_PRD_ID, OCP_CTE_ID, OCP_TPE_ID, OCP_FECHA) VALUES (6, 3, 18, 1, TO_DATE('2024-02-10', 'YYYY-MM-DD'));
INSERT INTO ORDEN_COMPRA (OCP_ID, OCP_PRD_ID, OCP_CTE_ID, OCP_TPE_ID, OCP_FECHA) VALUES (7, 9, 2, 6, TO_DATE('2024-02-14', 'YYYY-MM-DD'));
INSERT INTO ORDEN_COMPRA (OCP_ID, OCP_PRD_ID, OCP_CTE_ID, OCP_TPE_ID, OCP_FECHA) VALUES (8, 20, 9, 2, TO_DATE('2024-02-18', 'YYYY-MM-DD'));
INSERT INTO ORDEN_COMPRA (OCP_ID, OCP_PRD_ID, OCP_CTE_ID, OCP_TPE_ID, OCP_FECHA) VALUES (9, 6, 15, 4, TO_DATE('2024-02-22', 'YYYY-MM-DD'));
INSERT INTO ORDEN_COMPRA (OCP_ID, OCP_PRD_ID, OCP_CTE_ID, OCP_TPE_ID, OCP_FECHA) VALUES (10, 11, 4, 7, TO_DATE('2024-03-01', 'YYYY-MM-DD'));
INSERT INTO ORDEN_COMPRA (OCP_ID, OCP_PRD_ID, OCP_CTE_ID, OCP_TPE_ID, OCP_FECHA) VALUES (11, 17, 20, 3, TO_DATE('2024-03-05', 'YYYY-MM-DD'));
INSERT INTO ORDEN_COMPRA (OCP_ID, OCP_PRD_ID, OCP_CTE_ID, OCP_TPE_ID, OCP_FECHA) VALUES (12, 2, 8, 1, TO_DATE('2024-03-08', 'YYYY-MM-DD'));
INSERT INTO ORDEN_COMPRA (OCP_ID, OCP_PRD_ID, OCP_CTE_ID, OCP_TPE_ID, OCP_FECHA) VALUES (13, 14, 11, 5, TO_DATE('2024-03-12', 'YYYY-MM-DD'));
INSERT INTO ORDEN_COMPRA (OCP_ID, OCP_PRD_ID, OCP_CTE_ID, OCP_TPE_ID, OCP_FECHA) VALUES (14, 4, 6, 2, TO_DATE('2024-03-15', 'YYYY-MM-DD'));
INSERT INTO ORDEN_COMPRA (OCP_ID, OCP_PRD_ID, OCP_CTE_ID, OCP_TPE_ID, OCP_FECHA) VALUES (15, 19, 14, 4, TO_DATE('2024-03-18', 'YYYY-MM-DD'));
INSERT INTO ORDEN_COMPRA (OCP_ID, OCP_PRD_ID, OCP_CTE_ID, OCP_TPE_ID, OCP_FECHA) VALUES (16, 7, 13, 6, TO_DATE('2024-03-22', 'YYYY-MM-DD'));
INSERT INTO ORDEN_COMPRA (OCP_ID, OCP_PRD_ID, OCP_CTE_ID, OCP_TPE_ID, OCP_FECHA) VALUES (17, 18, 16, 1, TO_DATE('2024-03-25', 'YYYY-MM-DD'));
INSERT INTO ORDEN_COMPRA (OCP_ID, OCP_PRD_ID, OCP_CTE_ID, OCP_TPE_ID, OCP_FECHA) VALUES (18, 10, 19, 3, TO_DATE('2024-03-28', 'YYYY-MM-DD'));
INSERT INTO ORDEN_COMPRA (OCP_ID, OCP_PRD_ID, OCP_CTE_ID, OCP_TPE_ID, OCP_FECHA) VALUES (19, 13, 17, 7, TO_DATE('2024-04-01', 'YYYY-MM-DD'));
INSERT INTO ORDEN_COMPRA (OCP_ID, OCP_PRD_ID, OCP_CTE_ID, OCP_TPE_ID, OCP_FECHA) VALUES (20, 16, 10, 5, TO_DATE('2024-04-05', 'YYYY-MM-DD'));
INSERT INTO ORDEN_COMPRA (OCP_ID, OCP_PRD_ID, OCP_CTE_ID, OCP_TPE_ID, OCP_FECHA) VALUES (21, 21, 21, 2, TO_DATE('2024-04-08', 'YYYY-MM-DD'));
INSERT INTO ORDEN_COMPRA (OCP_ID, OCP_PRD_ID, OCP_CTE_ID, OCP_TPE_ID, OCP_FECHA) VALUES (22, 22, 22, 4, TO_DATE('2024-04-12', 'YYYY-MM-DD'));

COMMIT;




